,date_month,repo_id,year_count,last_year_count,yoy_growth,repo_id_1,repo_name,start_date,date_end
0,2011-02-01,206444,84.0,,,206444,hive,2012-09-24 05:28:40,
1,2011-03-01,206444,124.0,,,206444,hive,2012-09-24 05:28:40,
2,2011-04-01,206444,180.0,,,206444,hive,2012-09-24 05:28:40,
3,2011-05-01,206444,93.0,,,206444,hive,2012-09-24 05:28:40,
4,2011-06-01,206444,30.0,,,206444,hive,2012-09-24 05:28:40,
5,2011-07-01,206444,186.0,,,206444,hive,2012-09-24 05:28:40,
6,2011-08-01,206444,279.0,,,206444,hive,2012-09-24 05:28:40,
7,2011-09-01,206444,270.0,,,206444,hive,2012-09-24 05:28:40,
8,2011-10-01,206444,155.0,,,206444,hive,2012-09-24 05:28:40,
9,2011-11-01,206444,90.0,,,206444,hive,2012-09-24 05:28:40,
10,2011-12-01,206444,248.0,,,206444,hive,2012-09-24 05:28:40,
11,2012-01-01,206444,186.0,,,206444,hive,2012-09-24 05:28:40,
12,2012-02-01,206444,232.0,84.0,1.7619047619047619,206444,hive,2012-09-24 05:28:40,
13,2012-03-01,206444,186.0,124.0,0.5,206444,hive,2012-09-24 05:28:40,
14,2012-04-01,206444,0.0,180.0,-1.0,206444,hive,2012-09-24 05:28:40,
15,2012-05-01,206444,0.0,93.0,-1.0,206444,hive,2012-09-24 05:28:40,
16,2012-06-01,206444,0.0,30.0,-1.0,206444,hive,2012-09-24 05:28:40,
17,2012-07-01,206444,0.0,186.0,-1.0,206444,hive,2012-09-24 05:28:40,
18,2012-08-01,206444,0.0,279.0,-1.0,206444,hive,2012-09-24 05:28:40,
19,2012-09-01,206444,30.0,270.0,-0.8888888888888888,206444,hive,2012-09-24 05:28:40,
20,2012-10-01,206444,279.0,155.0,0.8,206444,hive,2012-09-24 05:28:40,
21,2012-11-01,206444,270.0,90.0,2.0,206444,hive,2012-09-24 05:28:40,
22,2012-12-01,206444,310.0,248.0,0.25,206444,hive,2012-09-24 05:28:40,
23,2013-01-01,206444,248.0,186.0,0.33333333333333326,206444,hive,2012-09-24 05:28:40,
24,2013-02-01,206444,140.0,232.0,-0.39655172413793105,206444,hive,2012-09-24 05:28:40,
25,2013-03-01,206444,403.0,186.0,1.1666666666666665,206444,hive,2012-09-24 05:28:40,
26,2013-04-01,206444,420.0,0.0,,206444,hive,2012-09-24 05:28:40,
27,2013-05-01,206444,465.0,0.0,,206444,hive,2012-09-24 05:28:40,
28,2013-06-01,206444,420.0,0.0,,206444,hive,2012-09-24 05:28:40,
29,2013-07-01,206444,279.0,0.0,,206444,hive,2012-09-24 05:28:40,
30,2013-08-01,206444,186.0,0.0,,206444,hive,2012-09-24 05:28:40,
31,2013-09-01,206444,390.0,30.0,12.0,206444,hive,2012-09-24 05:28:40,
32,2013-10-01,206444,496.0,279.0,0.7777777777777777,206444,hive,2012-09-24 05:28:40,
33,2013-11-01,206444,660.0,270.0,1.4444444444444446,206444,hive,2012-09-24 05:28:40,
34,2013-12-01,206444,310.0,310.0,0.0,206444,hive,2012-09-24 05:28:40,
35,2014-01-01,206444,341.0,248.0,0.375,206444,hive,2012-09-24 05:28:40,
36,2014-02-01,206444,280.0,140.0,1.0,206444,hive,2012-09-24 05:28:40,
37,2014-03-01,206444,527.0,403.0,0.3076923076923077,206444,hive,2012-09-24 05:28:40,
38,2014-04-01,206444,570.0,420.0,0.3571428571428572,206444,hive,2012-09-24 05:28:40,
39,2014-05-01,206444,558.0,465.0,0.19999999999999996,206444,hive,2012-09-24 05:28:40,
40,2014-06-01,206444,420.0,420.0,0.0,206444,hive,2012-09-24 05:28:40,
41,2014-07-01,206444,496.0,279.0,0.7777777777777777,206444,hive,2012-09-24 05:28:40,
42,2014-08-01,206444,310.0,186.0,0.6666666666666667,206444,hive,2012-09-24 05:28:40,
43,2014-09-01,206444,630.0,390.0,0.6153846153846154,206444,hive,2012-09-24 05:28:40,
44,2014-10-01,206444,558.0,496.0,0.125,206444,hive,2012-09-24 05:28:40,
45,2014-11-01,206444,390.0,660.0,-0.40909090909090906,206444,hive,2012-09-24 05:28:40,
46,2014-12-01,206444,465.0,310.0,0.5,206444,hive,2012-09-24 05:28:40,
47,2015-01-01,206444,496.0,341.0,0.4545454545454546,206444,hive,2012-09-24 05:28:40,
48,2015-02-01,206444,560.0,280.0,1.0,206444,hive,2012-09-24 05:28:40,
49,2015-03-01,206444,713.0,527.0,0.3529411764705883,206444,hive,2012-09-24 05:28:40,
50,2015-04-01,206444,1200.0,570.0,1.1052631578947367,206444,hive,2012-09-24 05:28:40,
51,2015-05-01,206444,899.0,558.0,0.6111111111111112,206444,hive,2012-09-24 05:28:40,
52,2019-05-01,186647681,155.0,,,186647681,amundsen-io/amundsen,2020-08-11 15:24:17,
53,2019-06-01,186647681,570.0,,,186647681,amundsen-io/amundsen,2020-08-11 15:24:17,
54,2019-07-01,186647681,1767.0,,,186647681,amundsen-io/amundsen,2020-08-11 15:24:17,
55,2019-08-01,186647681,2542.0,,,186647681,amundsen-io/amundsen,2020-08-11 15:24:17,
56,2019-09-01,186647681,1410.0,,,186647681,amundsen-io/amundsen,2020-08-11 15:24:17,
57,2019-10-01,186647681,2139.0,,,186647681,amundsen-io/amundsen,2020-08-11 15:24:17,
58,2019-11-01,186647681,5880.0,,,186647681,amundsen-io/amundsen,2020-08-11 15:24:17,
59,2019-12-01,186647681,2325.0,,,186647681,amundsen-io/amundsen,2020-08-11 15:24:17,
60,2020-01-01,186647681,1984.0,,,186647681,amundsen-io/amundsen,2020-08-11 15:24:17,
61,2020-02-01,186647681,2233.0,,,186647681,amundsen-io/amundsen,2020-08-11 15:24:17,
62,2020-03-01,186647681,1891.0,,,186647681,amundsen-io/amundsen,2020-08-11 15:24:17,
63,2020-04-01,186647681,2910.0,,,186647681,amundsen-io/amundsen,2020-08-11 15:24:17,
64,2020-05-01,186647681,2883.0,155.0,17.6,186647681,amundsen-io/amundsen,2020-08-11 15:24:17,
65,2020-06-01,186647681,2700.0,570.0,3.7368421052631575,186647681,amundsen-io/amundsen,2020-08-11 15:24:17,
66,2020-07-01,186647681,3317.0,1767.0,0.8771929824561404,186647681,amundsen-io/amundsen,2020-08-11 15:24:17,
67,2020-08-01,186647681,3379.0,2542.0,0.3292682926829269,186647681,amundsen-io/amundsen,2020-08-11 15:24:17,
68,2020-09-01,186647681,2970.0,1410.0,1.106382978723404,186647681,amundsen-io/amundsen,2020-08-11 15:24:17,
69,2020-10-01,186647681,4123.0,2139.0,0.9275362318840579,186647681,amundsen-io/amundsen,2020-08-11 15:24:17,
70,2020-11-01,186647681,3180.0,5880.0,-0.4591836734693877,186647681,amundsen-io/amundsen,2020-08-11 15:24:17,
71,2020-12-01,186647681,2790.0,2325.0,0.19999999999999996,186647681,amundsen-io/amundsen,2020-08-11 15:24:17,
72,2021-01-01,186647681,2976.0,1984.0,0.5,186647681,amundsen-io/amundsen,2020-08-11 15:24:17,
73,2021-02-01,186647681,2912.0,2233.0,0.3040752351097178,186647681,amundsen-io/amundsen,2020-08-11 15:24:17,
74,2021-03-01,186647681,3906.0,1891.0,1.0655737704918034,186647681,amundsen-io/amundsen,2020-08-11 15:24:17,
75,2021-04-01,186647681,3570.0,2910.0,0.2268041237113403,186647681,amundsen-io/amundsen,2020-08-11 15:24:17,
76,2021-05-01,186647681,3038.0,2883.0,0.053763440860215006,186647681,amundsen-io/amundsen,2020-08-11 15:24:17,
77,2021-06-01,186647681,4110.0,2700.0,0.5222222222222221,186647681,amundsen-io/amundsen,2020-08-11 15:24:17,
78,2021-07-01,186647681,3813.0,3317.0,0.14953271028037385,186647681,amundsen-io/amundsen,2020-08-11 15:24:17,
79,2021-08-01,186647681,3813.0,3379.0,0.12844036697247696,186647681,amundsen-io/amundsen,2020-08-11 15:24:17,
80,2021-09-01,186647681,3390.0,2970.0,0.14141414141414144,186647681,amundsen-io/amundsen,2020-08-11 15:24:17,
81,2019-02-01,53548867,924.0,252.0,2.6666666666666665,53548867,dbt-labs/dbt-core,2021-10-13 16:16:53,
82,2019-03-01,53548867,1054.0,434.0,1.4285714285714284,53548867,dbt-labs/dbt-core,2021-10-13 16:16:53,
83,2019-04-01,53548867,1020.0,630.0,0.6190476190476191,53548867,dbt-labs/dbt-core,2021-10-13 16:16:53,
84,2019-05-01,53548867,1612.0,744.0,1.1666666666666665,53548867,dbt-labs/dbt-core,2021-10-13 16:16:53,
85,2019-06-01,53548867,2760.0,360.0,6.666666666666667,53548867,dbt-labs/dbt-core,2021-10-13 16:16:53,
86,2019-07-01,53548867,2263.0,713.0,2.1739130434782608,53548867,dbt-labs/dbt-core,2021-10-13 16:16:53,
87,2019-08-01,53548867,1829.0,3224.0,-0.4326923076923077,53548867,dbt-labs/dbt-core,2021-10-13 16:16:53,
88,2019-09-01,53548867,2730.0,1080.0,1.5277777777777777,53548867,dbt-labs/dbt-core,2021-10-13 16:16:53,
89,2019-10-01,53548867,1581.0,1054.0,0.5,53548867,dbt-labs/dbt-core,2021-10-13 16:16:53,
90,2019-11-01,53548867,1920.0,1410.0,0.36170212765957444,53548867,dbt-labs/dbt-core,2021-10-13 16:16:53,
91,2019-12-01,53548867,1767.0,930.0,0.8999999999999999,53548867,dbt-labs/dbt-core,2021-10-13 16:16:53,
92,2020-01-01,53548867,2232.0,1674.0,0.33333333333333326,53548867,dbt-labs/dbt-core,2021-10-13 16:16:53,
93,2020-02-01,53548867,2291.0,924.0,1.4794372294372296,53548867,dbt-labs/dbt-core,2021-10-13 16:16:53,
94,2020-03-01,53548867,2263.0,1054.0,1.1470588235294117,53548867,dbt-labs/dbt-core,2021-10-13 16:16:53,
95,2020-04-01,53548867,2850.0,1020.0,1.7941176470588234,53548867,dbt-labs/dbt-core,2021-10-13 16:16:53,
96,2020-05-01,53548867,2263.0,1612.0,0.40384615384615374,53548867,dbt-labs/dbt-core,2021-10-13 16:16:53,
97,2020-06-01,53548867,3060.0,2760.0,0.10869565217391308,53548867,dbt-labs/dbt-core,2021-10-13 16:16:53,
98,2021-12-01,53548867,5084.0,3937.0,0.2913385826771653,53548867,dbt-labs/dbt-core,2021-10-13 16:16:53,
99,2022-01-01,53548867,5208.0,4433.0,0.1748251748251748,53548867,dbt-labs/dbt-core,2021-10-13 16:16:53,
100,2022-02-01,53548867,3976.0,4424.0,-0.10126582278481011,53548867,dbt-labs/dbt-core,2021-10-13 16:16:53,
101,2022-03-01,53548867,5177.0,4247.0,0.21897810218978098,53548867,dbt-labs/dbt-core,2021-10-13 16:16:53,
102,2022-04-01,53548867,6060.0,4350.0,0.39310344827586197,53548867,dbt-labs/dbt-core,2021-10-13 16:16:53,
103,2022-05-01,53548867,8091.0,3348.0,1.4166666666666665,53548867,dbt-labs/dbt-core,2021-10-13 16:16:53,
104,2022-06-01,53548867,5190.0,3810.0,0.36220472440944884,53548867,dbt-labs/dbt-core,2021-10-13 16:16:53,
105,2022-07-01,53548867,4898.0,5797.0,-0.15508021390374327,53548867,dbt-labs/dbt-core,2021-10-13 16:16:53,
106,2022-08-01,53548867,4743.0,3379.0,0.4036697247706422,53548867,dbt-labs/dbt-core,2021-10-13 16:16:53,
107,2022-09-01,53548867,10350.0,3450.0,2.0,53548867,dbt-labs/dbt-core,2021-10-13 16:16:53,
108,2022-10-01,53548867,6262.0,1767.0,2.543859649122807,53548867,dbt-labs/dbt-core,2021-10-13 16:16:53,
109,2022-11-01,53548867,4380.0,4020.0,0.08955223880597019,53548867,dbt-labs/dbt-core,2021-10-13 16:16:53,
110,2022-12-01,53548867,4712.0,5084.0,-0.07317073170731703,53548867,dbt-labs/dbt-core,2021-10-13 16:16:53,
111,2023-01-01,53548867,5363.0,5208.0,0.029761904761904656,53548867,dbt-labs/dbt-core,2021-10-13 16:16:53,
112,2023-02-01,53548867,5236.0,3976.0,0.31690140845070425,53548867,dbt-labs/dbt-core,2021-10-13 16:16:53,
113,2023-03-01,53548867,4123.0,5177.0,-0.20359281437125754,53548867,dbt-labs/dbt-core,2021-10-13 16:16:53,
114,2016-04-01,53548867,90.0,,,53548867,dbt-labs/dbt-core,2021-10-13 16:16:53,
115,2016-05-01,53548867,93.0,,,53548867,dbt-labs/dbt-core,2021-10-13 16:16:53,
116,2016-06-01,53548867,0.0,,,53548867,dbt-labs/dbt-core,2021-10-13 16:16:53,
117,2016-07-01,53548867,124.0,,,53548867,dbt-labs/dbt-core,2021-10-13 16:16:53,
118,2016-08-01,53548867,248.0,,,53548867,dbt-labs/dbt-core,2021-10-13 16:16:53,
119,2016-09-01,53548867,180.0,,,53548867,dbt-labs/dbt-core,2021-10-13 16:16:53,
120,2016-10-01,53548867,310.0,,,53548867,dbt-labs/dbt-core,2021-10-13 16:16:53,
121,2016-11-01,53548867,120.0,,,53548867,dbt-labs/dbt-core,2021-10-13 16:16:53,
122,2016-12-01,53548867,124.0,,,53548867,dbt-labs/dbt-core,2021-10-13 16:16:53,
123,2017-01-01,53548867,186.0,,,53548867,dbt-labs/dbt-core,2021-10-13 16:16:53,
124,2017-02-01,53548867,196.0,,,53548867,dbt-labs/dbt-core,2021-10-13 16:16:53,
125,2017-03-01,53548867,279.0,,,53548867,dbt-labs/dbt-core,2021-10-13 16:16:53,
126,2017-04-01,53548867,270.0,90.0,2.0,53548867,dbt-labs/dbt-core,2021-10-13 16:16:53,
127,2017-05-01,53548867,279.0,93.0,2.0,53548867,dbt-labs/dbt-core,2021-10-13 16:16:53,
128,2017-06-01,53548867,30.0,0.0,,53548867,dbt-labs/dbt-core,2021-10-13 16:16:53,
129,2017-07-01,53548867,527.0,124.0,3.25,53548867,dbt-labs/dbt-core,2021-10-13 16:16:53,
130,2017-08-01,53548867,341.0,248.0,0.375,53548867,dbt-labs/dbt-core,2021-10-13 16:16:53,
131,2015-04-01,33702544,210.0,,,33702544,plotly/dash,2015-07-12 07:05:14,
132,2015-05-01,33702544,217.0,,,33702544,plotly/dash,2015-07-12 07:05:14,
133,2015-06-01,33702544,210.0,,,33702544,plotly/dash,2015-07-12 07:05:14,
134,2015-07-01,33702544,155.0,,,33702544,plotly/dash,2015-07-12 07:05:14,
135,2015-08-01,33702544,217.0,,,33702544,plotly/dash,2015-07-12 07:05:14,
136,2015-09-01,33702544,270.0,,,33702544,plotly/dash,2015-07-12 07:05:14,
137,2015-10-01,33702544,465.0,,,33702544,plotly/dash,2015-07-12 07:05:14,
138,2015-11-01,33702544,540.0,,,33702544,plotly/dash,2015-07-12 07:05:14,
139,2015-12-01,33702544,527.0,,,33702544,plotly/dash,2015-07-12 07:05:14,
140,2016-01-01,33702544,279.0,,,33702544,plotly/dash,2015-07-12 07:05:14,
141,2016-02-01,33702544,667.0,,,33702544,plotly/dash,2015-07-12 07:05:14,
142,2016-03-01,33702544,403.0,,,33702544,plotly/dash,2015-07-12 07:05:14,
143,2016-04-01,33702544,630.0,210.0,2.0,33702544,plotly/dash,2015-07-12 07:05:14,
144,2016-05-01,33702544,372.0,217.0,0.7142857142857142,33702544,plotly/dash,2015-07-12 07:05:14,
145,2016-06-01,33702544,570.0,210.0,1.7142857142857144,33702544,plotly/dash,2015-07-12 07:05:14,
146,2016-07-01,33702544,465.0,155.0,2.0,33702544,plotly/dash,2015-07-12 07:05:14,
147,2016-08-01,33702544,248.0,217.0,0.1428571428571428,33702544,plotly/dash,2015-07-12 07:05:14,
148,2016-09-01,33702544,450.0,270.0,0.6666666666666667,33702544,plotly/dash,2015-07-12 07:05:14,
149,2016-10-01,33702544,651.0,465.0,0.3999999999999999,33702544,plotly/dash,2015-07-12 07:05:14,
150,2016-11-01,33702544,450.0,540.0,-0.16666666666666663,33702544,plotly/dash,2015-07-12 07:05:14,
151,2016-12-01,33702544,527.0,527.0,0.0,33702544,plotly/dash,2015-07-12 07:05:14,
152,2017-01-01,33702544,124.0,279.0,-0.5555555555555556,33702544,plotly/dash,2015-07-12 07:05:14,
153,2017-02-01,33702544,504.0,667.0,-0.24437781109445278,33702544,plotly/dash,2015-07-12 07:05:14,
154,2017-03-01,33702544,930.0,403.0,1.3076923076923075,33702544,plotly/dash,2015-07-12 07:05:14,
155,2017-04-01,33702544,450.0,630.0,-0.2857142857142857,33702544,plotly/dash,2015-07-12 07:05:14,
156,2017-05-01,33702544,434.0,372.0,0.16666666666666674,33702544,plotly/dash,2015-07-12 07:05:14,
157,2017-06-01,33702544,47940.0,570.0,83.10526315789474,33702544,plotly/dash,2015-07-12 07:05:14,
158,2017-07-01,33702544,11501.0,465.0,23.733333333333334,33702544,plotly/dash,2015-07-12 07:05:14,
159,2017-08-01,33702544,4495.0,248.0,17.125,33702544,plotly/dash,2015-07-12 07:05:14,
160,2017-09-01,33702544,3780.0,450.0,7.4,33702544,plotly/dash,2015-07-12 07:05:14,
161,2017-10-01,33702544,5704.0,651.0,7.761904761904763,33702544,plotly/dash,2015-07-12 07:05:14,
162,2017-11-01,33702544,4410.0,450.0,8.8,33702544,plotly/dash,2015-07-12 07:05:14,
163,2017-12-01,33702544,11439.0,527.0,20.705882352941178,33702544,plotly/dash,2015-07-12 07:05:14,
164,2018-01-01,33702544,20553.0,124.0,164.75,33702544,plotly/dash,2015-07-12 07:05:14,
165,2018-02-01,33702544,9408.0,504.0,17.666666666666668,33702544,plotly/dash,2015-07-12 07:05:14,
166,2018-03-01,33702544,11346.0,930.0,11.2,33702544,plotly/dash,2015-07-12 07:05:14,
167,2018-04-01,33702544,7710.0,450.0,16.133333333333333,33702544,plotly/dash,2015-07-12 07:05:14,
168,2018-05-01,33702544,8091.0,434.0,17.642857142857142,33702544,plotly/dash,2015-07-12 07:05:14,
169,2018-06-01,33702544,7920.0,47940.0,-0.834793491864831,33702544,plotly/dash,2015-07-12 07:05:14,
170,2018-07-01,33702544,8401.0,11501.0,-0.2695417789757413,33702544,plotly/dash,2015-07-12 07:05:14,
171,2018-08-01,33702544,8835.0,4495.0,0.9655172413793103,33702544,plotly/dash,2015-07-12 07:05:14,
172,2018-09-01,33702544,10560.0,3780.0,1.7936507936507935,33702544,plotly/dash,2015-07-12 07:05:14,
173,2018-10-01,33702544,9920.0,5704.0,0.7391304347826086,33702544,plotly/dash,2015-07-12 07:05:14,
174,2018-11-01,33702544,12780.0,4410.0,1.8979591836734695,33702544,plotly/dash,2015-07-12 07:05:14,
175,2018-12-01,33702544,11346.0,11439.0,-0.008130081300813052,33702544,plotly/dash,2015-07-12 07:05:14,
176,2019-01-01,33702544,9796.0,20553.0,-0.5233785822021115,33702544,plotly/dash,2015-07-12 07:05:14,
177,2019-02-01,33702544,9884.0,9408.0,0.05059523809523814,33702544,plotly/dash,2015-07-12 07:05:14,
178,2019-03-01,33702544,12834.0,11346.0,0.13114754098360648,33702544,plotly/dash,2015-07-12 07:05:14,
179,2019-04-01,33702544,12150.0,7710.0,0.5758754863813229,33702544,plotly/dash,2015-07-12 07:05:14,
180,2019-05-01,33702544,9145.0,8091.0,0.13026819923371646,33702544,plotly/dash,2015-07-12 07:05:14,
181,2019-06-01,33702544,7800.0,7920.0,-0.015151515151515138,33702544,plotly/dash,2015-07-12 07:05:14,
182,2019-07-01,33702544,8990.0,8401.0,0.07011070110701101,33702544,plotly/dash,2015-07-12 07:05:14,
183,2019-08-01,33702544,6882.0,8835.0,-0.2210526315789474,33702544,plotly/dash,2015-07-12 07:05:14,
184,2019-09-01,33702544,6090.0,10560.0,-0.4232954545454546,33702544,plotly/dash,2015-07-12 07:05:14,
185,2019-10-01,33702544,6851.0,9920.0,-0.30937499999999996,33702544,plotly/dash,2015-07-12 07:05:14,
186,2019-11-01,33702544,9930.0,12780.0,-0.22300469483568075,33702544,plotly/dash,2015-07-12 07:05:14,
187,2019-12-01,33702544,6386.0,11346.0,-0.43715846994535523,33702544,plotly/dash,2015-07-12 07:05:14,
188,2020-01-01,33702544,9114.0,9796.0,-0.069620253164557,33702544,plotly/dash,2015-07-12 07:05:14,
189,2020-02-01,33702544,5394.0,9884.0,-0.45426952650748686,33702544,plotly/dash,2015-07-12 07:05:14,
190,2020-03-01,33702544,8463.0,12834.0,-0.3405797101449275,33702544,plotly/dash,2015-07-12 07:05:14,
191,2020-04-01,33702544,16320.0,12150.0,0.3432098765432099,33702544,plotly/dash,2015-07-12 07:05:14,
192,2020-05-01,33702544,10044.0,9145.0,0.09830508474576272,33702544,plotly/dash,2015-07-12 07:05:14,
193,2020-06-01,33702544,7170.0,7800.0,-0.08076923076923082,33702544,plotly/dash,2015-07-12 07:05:14,
194,2020-07-01,33702544,8711.0,8990.0,-0.03103448275862064,33702544,plotly/dash,2015-07-12 07:05:14,
195,2020-08-01,33702544,7936.0,6882.0,0.15315315315315314,33702544,plotly/dash,2015-07-12 07:05:14,
196,2020-09-01,33702544,6450.0,6090.0,0.059113300492610765,33702544,plotly/dash,2015-07-12 07:05:14,
197,2020-10-01,33702544,7037.0,6851.0,0.02714932126696823,33702544,plotly/dash,2015-07-12 07:05:14,
198,2020-11-01,33702544,8310.0,9930.0,-0.1631419939577039,33702544,plotly/dash,2015-07-12 07:05:14,
199,2020-12-01,33702544,6696.0,6386.0,0.04854368932038833,33702544,plotly/dash,2015-07-12 07:05:14,
200,2021-01-01,33702544,8401.0,9114.0,-0.07823129251700678,33702544,plotly/dash,2015-07-12 07:05:14,
201,2021-02-01,33702544,5712.0,5394.0,0.05895439377085654,33702544,plotly/dash,2015-07-12 07:05:14,
202,2021-03-01,33702544,6169.0,8463.0,-0.2710622710622711,33702544,plotly/dash,2015-07-12 07:05:14,
203,2021-04-01,33702544,6420.0,16320.0,-0.6066176470588236,33702544,plotly/dash,2015-07-12 07:05:14,
204,2021-05-01,33702544,5456.0,10044.0,-0.45679012345679015,33702544,plotly/dash,2015-07-12 07:05:14,
205,2021-06-01,33702544,5880.0,7170.0,-0.17991631799163177,33702544,plotly/dash,2015-07-12 07:05:14,
206,2021-07-01,33702544,5084.0,8711.0,-0.41637010676156583,33702544,plotly/dash,2015-07-12 07:05:14,
207,2021-08-01,33702544,4991.0,7936.0,-0.37109375,33702544,plotly/dash,2015-07-12 07:05:14,
208,2021-09-01,33702544,4500.0,6450.0,-0.3023255813953488,33702544,plotly/dash,2015-07-12 07:05:14,
209,2021-10-01,33702544,1922.0,7037.0,-0.7268722466960352,33702544,plotly/dash,2015-07-12 07:05:14,
210,2021-11-01,33702544,5640.0,8310.0,-0.3212996389891697,33702544,plotly/dash,2015-07-12 07:05:14,
211,2021-12-01,33702544,6386.0,6696.0,-0.04629629629629628,33702544,plotly/dash,2015-07-12 07:05:14,
212,2017-02-01,14579099,2156.0,3770.0,-0.42811671087533154,14579099,plotly/plotly.py,2015-10-12 00:41:25,
213,2017-03-01,14579099,2883.0,4061.0,-0.29007633587786263,14579099,plotly/plotly.py,2015-10-12 00:41:25,
214,2017-04-01,14579099,2220.0,3120.0,-0.28846153846153844,14579099,plotly/plotly.py,2015-10-12 00:41:25,
215,2017-05-01,14579099,2573.0,3658.0,-0.2966101694915254,14579099,plotly/plotly.py,2015-10-12 00:41:25,
216,2017-06-01,14579099,3060.0,3570.0,-0.1428571428571429,14579099,plotly/plotly.py,2015-10-12 00:41:25,
217,2017-07-01,14579099,3317.0,4619.0,-0.2818791946308725,14579099,plotly/plotly.py,2015-10-12 00:41:25,
218,2017-08-01,14579099,3534.0,4805.0,-0.2645161290322581,14579099,plotly/plotly.py,2015-10-12 00:41:25,
219,2017-09-01,14579099,2250.0,3090.0,-0.27184466019417475,14579099,plotly/plotly.py,2015-10-12 00:41:25,
220,2017-10-01,14579099,3379.0,3410.0,-0.009090909090909038,14579099,plotly/plotly.py,2015-10-12 00:41:25,
221,2017-11-01,14579099,3600.0,1650.0,1.1818181818181817,14579099,plotly/plotly.py,2015-10-12 00:41:25,
222,2017-12-01,14579099,4185.0,2480.0,0.6875,14579099,plotly/plotly.py,2015-10-12 00:41:25,
223,2018-01-01,14579099,4743.0,2356.0,1.013157894736842,14579099,plotly/plotly.py,2015-10-12 00:41:25,
224,2018-02-01,14579099,3528.0,2156.0,0.6363636363636365,14579099,plotly/plotly.py,2015-10-12 00:41:25,
225,2018-03-01,14579099,4743.0,2883.0,0.6451612903225807,14579099,plotly/plotly.py,2015-10-12 00:41:25,
226,2018-04-01,14579099,4410.0,2220.0,0.9864864864864864,14579099,plotly/plotly.py,2015-10-12 00:41:25,
227,2018-05-01,14579099,3441.0,2573.0,0.3373493975903614,14579099,plotly/plotly.py,2015-10-12 00:41:25,
228,2018-06-01,14579099,4290.0,3060.0,0.4019607843137254,14579099,plotly/plotly.py,2015-10-12 00:41:25,
229,2018-07-01,14579099,5394.0,3317.0,0.6261682242990654,14579099,plotly/plotly.py,2015-10-12 00:41:25,
230,2018-08-01,14579099,4030.0,3534.0,0.14035087719298245,14579099,plotly/plotly.py,2015-10-12 00:41:25,
231,2018-09-01,14579099,3030.0,2250.0,0.3466666666666667,14579099,plotly/plotly.py,2015-10-12 00:41:25,
232,2018-10-01,14579099,3782.0,3379.0,0.11926605504587151,14579099,plotly/plotly.py,2015-10-12 00:41:25,
233,2018-11-01,14579099,3420.0,3600.0,-0.050000000000000044,14579099,plotly/plotly.py,2015-10-12 00:41:25,
234,2018-12-01,14579099,2759.0,4185.0,-0.3407407407407408,14579099,plotly/plotly.py,2015-10-12 00:41:25,
235,2019-01-01,14579099,4495.0,4743.0,-0.05228758169934644,14579099,plotly/plotly.py,2015-10-12 00:41:25,
236,2019-02-01,14579099,3388.0,3528.0,-0.03968253968253965,14579099,plotly/plotly.py,2015-10-12 00:41:25,
237,2019-03-01,14579099,5208.0,4743.0,0.0980392156862746,14579099,plotly/plotly.py,2015-10-12 00:41:25,
238,2019-04-01,14579099,4200.0,4410.0,-0.04761904761904767,14579099,plotly/plotly.py,2015-10-12 00:41:25,
239,2019-05-01,14579099,4402.0,3441.0,0.2792792792792793,14579099,plotly/plotly.py,2015-10-12 00:41:25,
240,2019-06-01,14579099,3330.0,4290.0,-0.22377622377622375,14579099,plotly/plotly.py,2015-10-12 00:41:25,
241,2019-07-01,14579099,5332.0,5394.0,-0.011494252873563204,14579099,plotly/plotly.py,2015-10-12 00:41:25,
242,2019-08-01,14579099,4216.0,4030.0,0.04615384615384621,14579099,plotly/plotly.py,2015-10-12 00:41:25,
243,2019-09-01,14579099,3900.0,3030.0,0.28712871287128716,14579099,plotly/plotly.py,2015-10-12 00:41:25,
244,2019-10-01,14579099,4123.0,3782.0,0.0901639344262295,14579099,plotly/plotly.py,2015-10-12 00:41:25,
245,2019-11-01,14579099,4110.0,3420.0,0.20175438596491224,14579099,plotly/plotly.py,2015-10-12 00:41:25,
246,2019-12-01,14579099,4867.0,2759.0,0.7640449438202248,14579099,plotly/plotly.py,2015-10-12 00:41:25,
247,2020-01-01,14579099,3875.0,4495.0,-0.13793103448275867,14579099,plotly/plotly.py,2015-10-12 00:41:25,
248,2020-02-01,14579099,4060.0,3388.0,0.19834710743801653,14579099,plotly/plotly.py,2015-10-12 00:41:25,
249,2020-03-01,14579099,6169.0,5208.0,0.18452380952380953,14579099,plotly/plotly.py,2015-10-12 00:41:25,
250,2020-04-01,14579099,7650.0,4200.0,0.8214285714285714,14579099,plotly/plotly.py,2015-10-12 00:41:25,
251,2021-10-01,186647681,1240.0,4123.0,-0.6992481203007519,186647681,amundsen-io/amundsen,2020-08-11 15:24:17,
252,2021-11-01,186647681,2610.0,3180.0,-0.17924528301886788,186647681,amundsen-io/amundsen,2020-08-11 15:24:17,
253,2021-12-01,186647681,2542.0,2790.0,-0.0888888888888889,186647681,amundsen-io/amundsen,2020-08-11 15:24:17,
254,2022-01-01,186647681,3224.0,2976.0,0.08333333333333326,186647681,amundsen-io/amundsen,2020-08-11 15:24:17,
255,2022-02-01,186647681,2044.0,2912.0,-0.29807692307692313,186647681,amundsen-io/amundsen,2020-08-11 15:24:17,
256,2022-03-01,186647681,2697.0,3906.0,-0.30952380952380953,186647681,amundsen-io/amundsen,2020-08-11 15:24:17,
257,2022-04-01,186647681,2280.0,3570.0,-0.3613445378151261,186647681,amundsen-io/amundsen,2020-08-11 15:24:17,
258,2022-05-01,186647681,2511.0,3038.0,-0.173469387755102,186647681,amundsen-io/amundsen,2020-08-11 15:24:17,
259,2022-06-01,186647681,1890.0,4110.0,-0.5401459854014599,186647681,amundsen-io/amundsen,2020-08-11 15:24:17,
260,2022-07-01,186647681,2077.0,3813.0,-0.4552845528455285,186647681,amundsen-io/amundsen,2020-08-11 15:24:17,
261,2022-08-01,186647681,1984.0,3813.0,-0.4796747967479674,186647681,amundsen-io/amundsen,2020-08-11 15:24:17,
262,2022-09-01,186647681,1860.0,3390.0,-0.4513274336283186,186647681,amundsen-io/amundsen,2020-08-11 15:24:17,
263,2022-10-01,186647681,1426.0,1240.0,0.1499999999999999,186647681,amundsen-io/amundsen,2020-08-11 15:24:17,
264,2022-11-01,186647681,1410.0,2610.0,-0.45977011494252873,186647681,amundsen-io/amundsen,2020-08-11 15:24:17,
265,2022-12-01,186647681,1488.0,2542.0,-0.41463414634146345,186647681,amundsen-io/amundsen,2020-08-11 15:24:17,
266,2023-01-01,186647681,1426.0,3224.0,-0.5576923076923077,186647681,amundsen-io/amundsen,2020-08-11 15:24:17,
267,2023-02-01,186647681,1316.0,2044.0,-0.3561643835616438,186647681,amundsen-io/amundsen,2020-08-11 15:24:17,
268,2023-03-01,186647681,1364.0,2697.0,-0.49425287356321834,186647681,amundsen-io/amundsen,2020-08-11 15:24:17,
269,2020-05-01,14579099,11625.0,4402.0,1.640845070422535,14579099,plotly/plotly.py,2015-10-12 00:41:25,
270,2020-06-01,14579099,8970.0,3330.0,1.6936936936936937,14579099,plotly/plotly.py,2015-10-12 00:41:25,
271,2020-07-01,14579099,8556.0,5332.0,0.6046511627906976,14579099,plotly/plotly.py,2015-10-12 00:41:25,
272,2020-08-01,14579099,6665.0,4216.0,0.5808823529411764,14579099,plotly/plotly.py,2015-10-12 00:41:25,
273,2020-09-01,14579099,6660.0,3900.0,0.7076923076923076,14579099,plotly/plotly.py,2015-10-12 00:41:25,
274,2020-10-01,14579099,6727.0,4123.0,0.631578947368421,14579099,plotly/plotly.py,2015-10-12 00:41:25,
275,2020-11-01,14579099,7650.0,4110.0,0.8613138686131387,14579099,plotly/plotly.py,2015-10-12 00:41:25,
276,2020-12-01,14579099,7409.0,4867.0,0.5222929936305734,14579099,plotly/plotly.py,2015-10-12 00:41:25,
277,2021-01-01,14579099,8122.0,3875.0,1.096,14579099,plotly/plotly.py,2015-10-12 00:41:25,
278,2021-02-01,14579099,6188.0,4060.0,0.5241379310344827,14579099,plotly/plotly.py,2015-10-12 00:41:25,
279,2021-03-01,14579099,7657.0,6169.0,0.2412060301507537,14579099,plotly/plotly.py,2015-10-12 00:41:25,
280,2021-04-01,14579099,6300.0,7650.0,-0.17647058823529416,14579099,plotly/plotly.py,2015-10-12 00:41:25,
281,2021-05-01,14579099,5332.0,11625.0,-0.5413333333333333,14579099,plotly/plotly.py,2015-10-12 00:41:25,
282,2021-06-01,14579099,6270.0,8970.0,-0.3010033444816054,14579099,plotly/plotly.py,2015-10-12 00:41:25,
283,2021-07-01,14579099,5549.0,8556.0,-0.35144927536231885,14579099,plotly/plotly.py,2015-10-12 00:41:25,
284,2021-08-01,14579099,5642.0,6665.0,-0.15348837209302324,14579099,plotly/plotly.py,2015-10-12 00:41:25,
285,2021-09-01,14579099,5280.0,6660.0,-0.2072072072072072,14579099,plotly/plotly.py,2015-10-12 00:41:25,
286,2021-10-01,14579099,2573.0,6727.0,-0.6175115207373272,14579099,plotly/plotly.py,2015-10-12 00:41:25,
287,2021-11-01,14579099,5430.0,7650.0,-0.2901960784313725,14579099,plotly/plotly.py,2015-10-12 00:41:25,
288,2021-12-01,14579099,5084.0,7409.0,-0.3138075313807531,14579099,plotly/plotly.py,2015-10-12 00:41:25,
289,2022-01-01,14579099,6014.0,8122.0,-0.2595419847328244,14579099,plotly/plotly.py,2015-10-12 00:41:25,
290,2022-02-01,14579099,4060.0,6188.0,-0.3438914027149321,14579099,plotly/plotly.py,2015-10-12 00:41:25,
291,2022-03-01,14579099,5952.0,7657.0,-0.22267206477732793,14579099,plotly/plotly.py,2015-10-12 00:41:25,
292,2022-04-01,14579099,5730.0,6300.0,-0.09047619047619049,14579099,plotly/plotly.py,2015-10-12 00:41:25,
293,2022-05-01,14579099,5177.0,5332.0,-0.029069767441860517,14579099,plotly/plotly.py,2015-10-12 00:41:25,
294,2022-06-01,14579099,4710.0,6270.0,-0.24880382775119614,14579099,plotly/plotly.py,2015-10-12 00:41:25,
295,2022-07-01,14579099,5115.0,5549.0,-0.07821229050279332,14579099,plotly/plotly.py,2015-10-12 00:41:25,
296,2022-08-01,14579099,5022.0,5642.0,-0.10989010989010994,14579099,plotly/plotly.py,2015-10-12 00:41:25,
297,2022-09-01,14579099,5040.0,5280.0,-0.045454545454545414,14579099,plotly/plotly.py,2015-10-12 00:41:25,
298,2022-10-01,14579099,5332.0,2573.0,1.072289156626506,14579099,plotly/plotly.py,2015-10-12 00:41:25,
299,2022-11-01,14579099,5040.0,5430.0,-0.07182320441988954,14579099,plotly/plotly.py,2015-10-12 00:41:25,
300,2022-12-01,14579099,5053.0,5084.0,-0.0060975609756097615,14579099,plotly/plotly.py,2015-10-12 00:41:25,
301,2023-01-01,14579099,5487.0,6014.0,-0.08762886597938147,14579099,plotly/plotly.py,2015-10-12 00:41:25,
302,2023-02-01,14579099,4760.0,4060.0,0.17241379310344818,14579099,plotly/plotly.py,2015-10-12 00:41:25,
303,2023-03-01,14579099,4619.0,5952.0,-0.22395833333333337,14579099,plotly/plotly.py,2015-10-12 00:41:25,
304,2014-10-01,24470524,31.0,,,24470524,zingchart/ZingChart,2015-01-09 17:02:29,
305,2014-11-01,24470524,0.0,,,24470524,zingchart/ZingChart,2015-01-09 17:02:29,
306,2014-12-01,24470524,0.0,,,24470524,zingchart/ZingChart,2015-01-09 17:02:29,
307,2015-01-01,24470524,155.0,,,24470524,zingchart/ZingChart,2015-01-09 17:02:29,
308,2015-02-01,24470524,28.0,,,24470524,zingchart/ZingChart,2015-01-09 17:02:29,
309,2015-03-01,24470524,62.0,,,24470524,zingchart/ZingChart,2015-01-09 17:02:29,
310,2015-04-01,24470524,180.0,,,24470524,zingchart/ZingChart,2015-01-09 17:02:29,
311,2015-05-01,24470524,124.0,,,24470524,zingchart/ZingChart,2015-01-09 17:02:29,
312,2015-06-01,24470524,300.0,,,24470524,zingchart/ZingChart,2015-01-09 17:02:29,
313,2015-07-01,24470524,124.0,,,24470524,zingchart/ZingChart,2015-01-09 17:02:29,
314,2015-08-01,24470524,310.0,,,24470524,zingchart/ZingChart,2015-01-09 17:02:29,
315,2015-09-01,24470524,90.0,,,24470524,zingchart/ZingChart,2015-01-09 17:02:29,
316,2015-10-01,24470524,124.0,31.0,3.0,24470524,zingchart/ZingChart,2015-01-09 17:02:29,
317,2015-11-01,24470524,210.0,0.0,,24470524,zingchart/ZingChart,2015-01-09 17:02:29,
318,2015-12-01,24470524,155.0,0.0,,24470524,zingchart/ZingChart,2015-01-09 17:02:29,
319,2016-01-01,24470524,93.0,155.0,-0.4,24470524,zingchart/ZingChart,2015-01-09 17:02:29,
320,2016-02-01,24470524,174.0,28.0,5.214285714285714,24470524,zingchart/ZingChart,2015-01-09 17:02:29,
321,2016-03-01,24470524,124.0,62.0,1.0,24470524,zingchart/ZingChart,2015-01-09 17:02:29,
322,2016-04-01,24470524,60.0,180.0,-0.6666666666666667,24470524,zingchart/ZingChart,2015-01-09 17:02:29,
323,2016-05-01,24470524,124.0,124.0,0.0,24470524,zingchart/ZingChart,2015-01-09 17:02:29,
324,2016-06-01,24470524,300.0,300.0,0.0,24470524,zingchart/ZingChart,2015-01-09 17:02:29,
325,2016-07-01,24470524,310.0,124.0,1.5,24470524,zingchart/ZingChart,2015-01-09 17:02:29,
326,2016-08-01,24470524,341.0,310.0,0.10000000000000009,24470524,zingchart/ZingChart,2015-01-09 17:02:29,
327,2016-09-01,24470524,120.0,90.0,0.33333333333333326,24470524,zingchart/ZingChart,2015-01-09 17:02:29,
328,2016-10-01,24470524,186.0,124.0,0.5,24470524,zingchart/ZingChart,2015-01-09 17:02:29,
329,2016-11-01,24470524,210.0,210.0,0.0,24470524,zingchart/ZingChart,2015-01-09 17:02:29,
330,2016-12-01,24470524,31.0,155.0,-0.8,24470524,zingchart/ZingChart,2015-01-09 17:02:29,
331,2017-01-01,24470524,310.0,93.0,2.3333333333333335,24470524,zingchart/ZingChart,2015-01-09 17:02:29,
332,2017-02-01,24470524,168.0,174.0,-0.03448275862068961,24470524,zingchart/ZingChart,2015-01-09 17:02:29,
333,2017-03-01,24470524,62.0,124.0,-0.5,24470524,zingchart/ZingChart,2015-01-09 17:02:29,
334,2017-04-01,24470524,270.0,60.0,3.5,24470524,zingchart/ZingChart,2015-01-09 17:02:29,
335,2017-05-01,24470524,217.0,124.0,0.75,24470524,zingchart/ZingChart,2015-01-09 17:02:29,
336,2017-06-01,24470524,0.0,300.0,-1.0,24470524,zingchart/ZingChart,2015-01-09 17:02:29,
337,2017-07-01,24470524,124.0,310.0,-0.6,24470524,zingchart/ZingChart,2015-01-09 17:02:29,
338,2017-08-01,24470524,62.0,341.0,-0.8181818181818181,24470524,zingchart/ZingChart,2015-01-09 17:02:29,
339,2017-09-01,24470524,0.0,120.0,-1.0,24470524,zingchart/ZingChart,2015-01-09 17:02:29,
340,2017-10-01,24470524,186.0,186.0,0.0,24470524,zingchart/ZingChart,2015-01-09 17:02:29,
341,2017-11-01,24470524,90.0,210.0,-0.5714285714285714,24470524,zingchart/ZingChart,2015-01-09 17:02:29,
342,2017-12-01,24470524,217.0,31.0,6.0,24470524,zingchart/ZingChart,2015-01-09 17:02:29,
343,2018-01-01,24470524,217.0,310.0,-0.30000000000000004,24470524,zingchart/ZingChart,2015-01-09 17:02:29,
344,2018-02-01,24470524,168.0,168.0,0.0,24470524,zingchart/ZingChart,2015-01-09 17:02:29,
345,2018-03-01,24470524,31.0,62.0,-0.5,24470524,zingchart/ZingChart,2015-01-09 17:02:29,
346,2018-04-01,24470524,60.0,270.0,-0.7777777777777778,24470524,zingchart/ZingChart,2015-01-09 17:02:29,
347,2013-11-01,14579099,90.0,,,14579099,plotly/plotly.py,2015-10-12 00:41:25,
348,2013-12-01,14579099,186.0,,,14579099,plotly/plotly.py,2015-10-12 00:41:25,
349,2014-01-01,14579099,775.0,,,14579099,plotly/plotly.py,2015-10-12 00:41:25,
350,2014-02-01,14579099,588.0,,,14579099,plotly/plotly.py,2015-10-12 00:41:25,
351,2014-03-01,14579099,372.0,,,14579099,plotly/plotly.py,2015-10-12 00:41:25,
352,2014-04-01,14579099,390.0,,,14579099,plotly/plotly.py,2015-10-12 00:41:25,
353,2014-05-01,14579099,341.0,,,14579099,plotly/plotly.py,2015-10-12 00:41:25,
354,2014-06-01,14579099,360.0,,,14579099,plotly/plotly.py,2015-10-12 00:41:25,
355,2014-07-01,14579099,310.0,,,14579099,plotly/plotly.py,2015-10-12 00:41:25,
356,2014-08-01,14579099,62.0,,,14579099,plotly/plotly.py,2015-10-12 00:41:25,
357,2014-09-01,14579099,360.0,,,14579099,plotly/plotly.py,2015-10-12 00:41:25,
358,2014-10-01,14579099,372.0,,,14579099,plotly/plotly.py,2015-10-12 00:41:25,
359,2014-11-01,14579099,210.0,90.0,1.3333333333333335,14579099,plotly/plotly.py,2015-10-12 00:41:25,
360,2014-12-01,14579099,217.0,186.0,0.16666666666666674,14579099,plotly/plotly.py,2015-10-12 00:41:25,
361,2015-01-01,14579099,341.0,775.0,-0.56,14579099,plotly/plotly.py,2015-10-12 00:41:25,
362,2015-02-01,14579099,112.0,588.0,-0.8095238095238095,14579099,plotly/plotly.py,2015-10-12 00:41:25,
363,2015-03-01,14579099,279.0,372.0,-0.25,14579099,plotly/plotly.py,2015-10-12 00:41:25,
364,2015-04-01,14579099,450.0,390.0,0.15384615384615374,14579099,plotly/plotly.py,2015-10-12 00:41:25,
365,2015-05-01,14579099,124.0,341.0,-0.6363636363636364,14579099,plotly/plotly.py,2015-10-12 00:41:25,
366,2015-06-01,14579099,180.0,360.0,-0.5,14579099,plotly/plotly.py,2015-10-12 00:41:25,
367,2015-07-01,14579099,434.0,310.0,0.3999999999999999,14579099,plotly/plotly.py,2015-10-12 00:41:25,
368,2015-08-01,14579099,248.0,62.0,3.0,14579099,plotly/plotly.py,2015-10-12 00:41:25,
369,2015-09-01,14579099,450.0,360.0,0.25,14579099,plotly/plotly.py,2015-10-12 00:41:25,
370,2015-10-01,14579099,434.0,372.0,0.16666666666666674,14579099,plotly/plotly.py,2015-10-12 00:41:25,
371,2015-11-01,14579099,4440.0,210.0,20.142857142857142,14579099,plotly/plotly.py,2015-10-12 00:41:25,
372,2015-12-01,14579099,2604.0,217.0,11.0,14579099,plotly/plotly.py,2015-10-12 00:41:25,
373,2016-01-01,14579099,3937.0,341.0,10.545454545454545,14579099,plotly/plotly.py,2015-10-12 00:41:25,
374,2016-02-01,14579099,3770.0,112.0,32.660714285714285,14579099,plotly/plotly.py,2015-10-12 00:41:25,
375,2016-03-01,14579099,4061.0,279.0,13.555555555555555,14579099,plotly/plotly.py,2015-10-12 00:41:25,
376,2016-04-01,14579099,3120.0,450.0,5.933333333333334,14579099,plotly/plotly.py,2015-10-12 00:41:25,
377,2016-05-01,14579099,3658.0,124.0,28.5,14579099,plotly/plotly.py,2015-10-12 00:41:25,
378,2016-06-01,14579099,3570.0,180.0,18.833333333333332,14579099,plotly/plotly.py,2015-10-12 00:41:25,
379,2016-07-01,14579099,4619.0,434.0,9.642857142857142,14579099,plotly/plotly.py,2015-10-12 00:41:25,
380,2016-08-01,14579099,4805.0,248.0,18.375,14579099,plotly/plotly.py,2015-10-12 00:41:25,
381,2016-09-01,14579099,3090.0,450.0,5.866666666666666,14579099,plotly/plotly.py,2015-10-12 00:41:25,
382,2016-10-01,14579099,3410.0,434.0,6.857142857142857,14579099,plotly/plotly.py,2015-10-12 00:41:25,
383,2016-11-01,14579099,1650.0,4440.0,-0.6283783783783784,14579099,plotly/plotly.py,2015-10-12 00:41:25,
384,2016-12-01,14579099,2480.0,2604.0,-0.04761904761904767,14579099,plotly/plotly.py,2015-10-12 00:41:25,
385,2017-01-01,14579099,2356.0,3937.0,-0.40157480314960625,14579099,plotly/plotly.py,2015-10-12 00:41:25,
386,2018-05-01,24470524,0.0,217.0,-1.0,24470524,zingchart/ZingChart,2015-01-09 17:02:29,
387,2018-06-01,24470524,30.0,0.0,,24470524,zingchart/ZingChart,2015-01-09 17:02:29,
388,2018-07-01,24470524,0.0,124.0,-1.0,24470524,zingchart/ZingChart,2015-01-09 17:02:29,
389,2018-08-01,24470524,31.0,62.0,-0.5,24470524,zingchart/ZingChart,2015-01-09 17:02:29,
390,2018-09-01,24470524,90.0,0.0,,24470524,zingchart/ZingChart,2015-01-09 17:02:29,
391,2018-10-01,24470524,93.0,186.0,-0.5,24470524,zingchart/ZingChart,2015-01-09 17:02:29,
392,2018-11-01,24470524,60.0,90.0,-0.33333333333333337,24470524,zingchart/ZingChart,2015-01-09 17:02:29,
393,2018-12-01,24470524,155.0,217.0,-0.2857142857142857,24470524,zingchart/ZingChart,2015-01-09 17:02:29,
394,2019-01-01,24470524,155.0,217.0,-0.2857142857142857,24470524,zingchart/ZingChart,2015-01-09 17:02:29,
395,2019-02-01,24470524,112.0,168.0,-0.33333333333333337,24470524,zingchart/ZingChart,2015-01-09 17:02:29,
396,2019-03-01,24470524,62.0,31.0,1.0,24470524,zingchart/ZingChart,2015-01-09 17:02:29,
397,2019-04-01,24470524,30.0,60.0,-0.5,24470524,zingchart/ZingChart,2015-01-09 17:02:29,
398,2019-05-01,24470524,62.0,0.0,,24470524,zingchart/ZingChart,2015-01-09 17:02:29,
399,2019-06-01,24470524,120.0,30.0,3.0,24470524,zingchart/ZingChart,2015-01-09 17:02:29,
400,2019-07-01,24470524,124.0,0.0,,24470524,zingchart/ZingChart,2015-01-09 17:02:29,
401,2019-08-01,24470524,93.0,31.0,2.0,24470524,zingchart/ZingChart,2015-01-09 17:02:29,
402,2019-09-01,24470524,0.0,90.0,-1.0,24470524,zingchart/ZingChart,2015-01-09 17:02:29,
403,2019-10-01,24470524,31.0,93.0,-0.6666666666666667,24470524,zingchart/ZingChart,2015-01-09 17:02:29,
404,2019-11-01,24470524,30.0,60.0,-0.5,24470524,zingchart/ZingChart,2015-01-09 17:02:29,
405,2019-12-01,24470524,31.0,155.0,-0.8,24470524,zingchart/ZingChart,2015-01-09 17:02:29,
406,2020-01-01,24470524,93.0,155.0,-0.4,24470524,zingchart/ZingChart,2015-01-09 17:02:29,
407,2020-02-01,24470524,145.0,112.0,0.2946428571428572,24470524,zingchart/ZingChart,2015-01-09 17:02:29,
408,2020-03-01,24470524,93.0,62.0,0.5,24470524,zingchart/ZingChart,2015-01-09 17:02:29,
409,2020-04-01,24470524,60.0,30.0,1.0,24470524,zingchart/ZingChart,2015-01-09 17:02:29,
410,2020-05-01,24470524,62.0,62.0,0.0,24470524,zingchart/ZingChart,2015-01-09 17:02:29,
411,2020-06-01,24470524,90.0,120.0,-0.25,24470524,zingchart/ZingChart,2015-01-09 17:02:29,
412,2020-07-01,24470524,62.0,124.0,-0.5,24470524,zingchart/ZingChart,2015-01-09 17:02:29,
413,2020-08-01,24470524,62.0,93.0,-0.33333333333333337,24470524,zingchart/ZingChart,2015-01-09 17:02:29,
414,2020-09-01,24470524,90.0,0.0,,24470524,zingchart/ZingChart,2015-01-09 17:02:29,
415,2020-10-01,24470524,62.0,31.0,1.0,24470524,zingchart/ZingChart,2015-01-09 17:02:29,
416,2020-11-01,24470524,30.0,30.0,0.0,24470524,zingchart/ZingChart,2015-01-09 17:02:29,
417,2020-12-01,24470524,0.0,31.0,-1.0,24470524,zingchart/ZingChart,2015-01-09 17:02:29,
418,2021-01-01,24470524,31.0,93.0,-0.6666666666666667,24470524,zingchart/ZingChart,2015-01-09 17:02:29,
419,2021-02-01,24470524,56.0,145.0,-0.6137931034482759,24470524,zingchart/ZingChart,2015-01-09 17:02:29,
420,2021-03-01,24470524,31.0,93.0,-0.6666666666666667,24470524,zingchart/ZingChart,2015-01-09 17:02:29,
421,2021-04-01,24470524,60.0,60.0,0.0,24470524,zingchart/ZingChart,2015-01-09 17:02:29,
422,2021-05-01,24470524,62.0,62.0,0.0,24470524,zingchart/ZingChart,2015-01-09 17:02:29,
423,2021-06-01,24470524,0.0,90.0,-1.0,24470524,zingchart/ZingChart,2015-01-09 17:02:29,
424,2021-07-01,24470524,0.0,62.0,-1.0,24470524,zingchart/ZingChart,2015-01-09 17:02:29,
425,2021-08-01,24470524,62.0,62.0,0.0,24470524,zingchart/ZingChart,2015-01-09 17:02:29,
426,2021-09-01,24470524,60.0,90.0,-0.33333333333333337,24470524,zingchart/ZingChart,2015-01-09 17:02:29,
427,2021-10-01,24470524,0.0,62.0,-1.0,24470524,zingchart/ZingChart,2015-01-09 17:02:29,
428,2021-11-01,24470524,30.0,30.0,0.0,24470524,zingchart/ZingChart,2015-01-09 17:02:29,
429,2021-12-01,24470524,0.0,0.0,,24470524,zingchart/ZingChart,2015-01-09 17:02:29,
430,2022-01-01,24470524,62.0,31.0,1.0,24470524,zingchart/ZingChart,2015-01-09 17:02:29,
431,2022-02-01,24470524,0.0,56.0,-1.0,24470524,zingchart/ZingChart,2015-01-09 17:02:29,
432,2022-03-01,24470524,62.0,31.0,1.0,24470524,zingchart/ZingChart,2015-01-09 17:02:29,
433,2022-04-01,24470524,60.0,60.0,0.0,24470524,zingchart/ZingChart,2015-01-09 17:02:29,
434,2022-05-01,24470524,93.0,62.0,0.5,24470524,zingchart/ZingChart,2015-01-09 17:02:29,
435,2022-06-01,24470524,30.0,0.0,,24470524,zingchart/ZingChart,2015-01-09 17:02:29,
436,2022-07-01,24470524,0.0,0.0,,24470524,zingchart/ZingChart,2015-01-09 17:02:29,
437,2022-08-01,24470524,31.0,62.0,-0.5,24470524,zingchart/ZingChart,2015-01-09 17:02:29,
438,2022-09-01,24470524,0.0,60.0,-1.0,24470524,zingchart/ZingChart,2015-01-09 17:02:29,
439,2022-10-01,24470524,62.0,0.0,,24470524,zingchart/ZingChart,2015-01-09 17:02:29,
440,2022-11-01,24470524,0.0,30.0,-1.0,24470524,zingchart/ZingChart,2015-01-09 17:02:29,
441,2022-12-01,24470524,31.0,0.0,,24470524,zingchart/ZingChart,2015-01-09 17:02:29,
442,2023-01-01,24470524,0.0,62.0,-1.0,24470524,zingchart/ZingChart,2015-01-09 17:02:29,
443,2023-02-01,24470524,0.0,0.0,,24470524,zingchart/ZingChart,2015-01-09 17:02:29,
444,2023-03-01,24470524,31.0,62.0,-0.5,24470524,zingchart/ZingChart,2015-01-09 17:02:29,
445,2017-09-01,53548867,180.0,180.0,0.0,53548867,dbt-labs/dbt-core,2021-10-13 16:16:53,
446,2017-10-01,53548867,744.0,310.0,1.4,53548867,dbt-labs/dbt-core,2021-10-13 16:16:53,
447,2017-11-01,53548867,240.0,120.0,1.0,53548867,dbt-labs/dbt-core,2021-10-13 16:16:53,
448,2017-12-01,53548867,558.0,124.0,3.5,53548867,dbt-labs/dbt-core,2021-10-13 16:16:53,
449,2018-01-01,53548867,248.0,186.0,0.33333333333333326,53548867,dbt-labs/dbt-core,2021-10-13 16:16:53,
450,2018-02-01,53548867,252.0,196.0,0.2857142857142858,53548867,dbt-labs/dbt-core,2021-10-13 16:16:53,
451,2018-03-01,53548867,434.0,279.0,0.5555555555555556,53548867,dbt-labs/dbt-core,2021-10-13 16:16:53,
452,2018-04-01,53548867,630.0,270.0,1.3333333333333335,53548867,dbt-labs/dbt-core,2021-10-13 16:16:53,
453,2018-05-01,53548867,744.0,279.0,1.6666666666666665,53548867,dbt-labs/dbt-core,2021-10-13 16:16:53,
454,2018-06-01,53548867,360.0,30.0,11.0,53548867,dbt-labs/dbt-core,2021-10-13 16:16:53,
455,2018-07-01,53548867,713.0,527.0,0.3529411764705883,53548867,dbt-labs/dbt-core,2021-10-13 16:16:53,
456,2018-08-01,53548867,3224.0,341.0,8.454545454545455,53548867,dbt-labs/dbt-core,2021-10-13 16:16:53,
457,2018-09-01,53548867,1080.0,180.0,5.0,53548867,dbt-labs/dbt-core,2021-10-13 16:16:53,
458,2018-10-01,53548867,1054.0,744.0,0.41666666666666674,53548867,dbt-labs/dbt-core,2021-10-13 16:16:53,
459,2018-11-01,53548867,1410.0,240.0,4.875,53548867,dbt-labs/dbt-core,2021-10-13 16:16:53,
460,2018-12-01,53548867,930.0,558.0,0.6666666666666667,53548867,dbt-labs/dbt-core,2021-10-13 16:16:53,
461,2019-01-01,53548867,1674.0,248.0,5.75,53548867,dbt-labs/dbt-core,2021-10-13 16:16:53,
462,2020-07-01,53548867,2573.0,2263.0,0.13698630136986312,53548867,dbt-labs/dbt-core,2021-10-13 16:16:53,
463,2020-08-01,53548867,2604.0,1829.0,0.423728813559322,53548867,dbt-labs/dbt-core,2021-10-13 16:16:53,
464,2020-09-01,53548867,3420.0,2730.0,0.25274725274725274,53548867,dbt-labs/dbt-core,2021-10-13 16:16:53,
465,2020-10-01,53548867,3596.0,1581.0,1.2745098039215685,53548867,dbt-labs/dbt-core,2021-10-13 16:16:53,
466,2020-11-01,53548867,3840.0,1920.0,1.0,53548867,dbt-labs/dbt-core,2021-10-13 16:16:53,
467,2020-12-01,53548867,3937.0,1767.0,1.2280701754385963,53548867,dbt-labs/dbt-core,2021-10-13 16:16:53,
468,2021-01-01,53548867,4433.0,2232.0,0.9861111111111112,53548867,dbt-labs/dbt-core,2021-10-13 16:16:53,
469,2021-02-01,53548867,4424.0,2291.0,0.9310344827586208,53548867,dbt-labs/dbt-core,2021-10-13 16:16:53,
470,2021-03-01,53548867,4247.0,2263.0,0.8767123287671232,53548867,dbt-labs/dbt-core,2021-10-13 16:16:53,
471,2021-04-01,53548867,4350.0,2850.0,0.5263157894736843,53548867,dbt-labs/dbt-core,2021-10-13 16:16:53,
472,2021-05-01,53548867,3348.0,2263.0,0.47945205479452047,53548867,dbt-labs/dbt-core,2021-10-13 16:16:53,
473,2021-06-01,53548867,3810.0,3060.0,0.2450980392156863,53548867,dbt-labs/dbt-core,2021-10-13 16:16:53,
474,2021-07-01,53548867,5797.0,2573.0,1.2530120481927711,53548867,dbt-labs/dbt-core,2021-10-13 16:16:53,
475,2021-08-01,53548867,3379.0,2604.0,0.29761904761904767,53548867,dbt-labs/dbt-core,2021-10-13 16:16:53,
476,2021-09-01,53548867,3450.0,3420.0,0.00877192982456143,53548867,dbt-labs/dbt-core,2021-10-13 16:16:53,
477,2021-10-01,53548867,1767.0,3596.0,-0.5086206896551724,53548867,dbt-labs/dbt-core,2021-10-13 16:16:53,
478,2021-11-01,53548867,4020.0,3840.0,0.046875,53548867,dbt-labs/dbt-core,2021-10-13 16:16:53,
479,2015-06-01,206444,660.0,420.0,0.5714285714285714,206444,hive,2012-09-24 05:28:40,
480,2015-07-01,206444,961.0,496.0,0.9375,206444,hive,2012-09-24 05:28:40,
481,2015-08-01,206444,682.0,310.0,1.2000000000000002,206444,hive,2012-09-24 05:28:40,
482,2015-09-01,206444,780.0,630.0,0.23809523809523814,206444,hive,2012-09-24 05:28:40,
483,2015-10-01,206444,930.0,558.0,0.6666666666666667,206444,hive,2012-09-24 05:28:40,
484,2015-11-01,206444,840.0,390.0,1.1538461538461537,206444,hive,2012-09-24 05:28:40,
485,2015-12-01,206444,1271.0,465.0,1.7333333333333334,206444,hive,2012-09-24 05:28:40,
486,2016-01-01,206444,899.0,496.0,0.8125,206444,hive,2012-09-24 05:28:40,
487,2016-02-01,206444,870.0,560.0,0.5535714285714286,206444,hive,2012-09-24 05:28:40,
488,2016-03-01,206444,1085.0,713.0,0.5217391304347827,206444,hive,2012-09-24 05:28:40,
489,2016-04-01,206444,1080.0,1200.0,-0.09999999999999998,206444,hive,2012-09-24 05:28:40,
490,2016-05-01,206444,1364.0,899.0,0.5172413793103448,206444,hive,2012-09-24 05:28:40,
491,2016-06-01,206444,1140.0,660.0,0.7272727272727273,206444,hive,2012-09-24 05:28:40,
492,2016-07-01,206444,1240.0,961.0,0.29032258064516125,206444,hive,2012-09-24 05:28:40,
493,2016-08-01,206444,1333.0,682.0,0.9545454545454546,206444,hive,2012-09-24 05:28:40,
494,2016-09-01,206444,1200.0,780.0,0.5384615384615385,206444,hive,2012-09-24 05:28:40,
495,2016-10-01,206444,806.0,930.0,-0.1333333333333333,206444,hive,2012-09-24 05:28:40,
496,2016-11-01,206444,1170.0,840.0,0.3928571428571428,206444,hive,2012-09-24 05:28:40,
497,2016-12-01,206444,1271.0,1271.0,0.0,206444,hive,2012-09-24 05:28:40,
498,2017-01-01,206444,1085.0,899.0,0.2068965517241379,206444,hive,2012-09-24 05:28:40,
499,2017-02-01,206444,1260.0,870.0,0.4482758620689655,206444,hive,2012-09-24 05:28:40,
500,2017-03-01,206444,1922.0,1085.0,0.7714285714285714,206444,hive,2012-09-24 05:28:40,
501,2017-04-01,206444,1140.0,1080.0,0.05555555555555558,206444,hive,2012-09-24 05:28:40,
502,2017-05-01,206444,1612.0,1364.0,0.18181818181818188,206444,hive,2012-09-24 05:28:40,
503,2017-06-01,206444,1500.0,1140.0,0.3157894736842106,206444,hive,2012-09-24 05:28:40,
504,2017-07-01,206444,1302.0,1240.0,0.050000000000000044,206444,hive,2012-09-24 05:28:40,
505,2017-08-01,206444,1643.0,1333.0,0.2325581395348837,206444,hive,2012-09-24 05:28:40,
506,2017-09-01,206444,1500.0,1200.0,0.25,206444,hive,2012-09-24 05:28:40,
507,2017-10-01,206444,1612.0,806.0,1.0,206444,hive,2012-09-24 05:28:40,
508,2017-11-01,206444,1440.0,1170.0,0.23076923076923084,206444,hive,2012-09-24 05:28:40,
509,2017-12-01,206444,1333.0,1271.0,0.04878048780487809,206444,hive,2012-09-24 05:28:40,
510,2018-01-01,206444,1116.0,1085.0,0.02857142857142847,206444,hive,2012-09-24 05:28:40,
511,2018-02-01,206444,1428.0,1260.0,0.1333333333333333,206444,hive,2012-09-24 05:28:40,
512,2018-03-01,206444,1829.0,1922.0,-0.048387096774193505,206444,hive,2012-09-24 05:28:40,
513,2018-04-01,206444,1440.0,1140.0,0.26315789473684204,206444,hive,2012-09-24 05:28:40,
514,2018-05-01,206444,1705.0,1612.0,0.05769230769230771,206444,hive,2012-09-24 05:28:40,
515,2018-06-01,206444,1530.0,1500.0,0.020000000000000018,206444,hive,2012-09-24 05:28:40,
516,2018-07-01,206444,1984.0,1302.0,0.5238095238095237,206444,hive,2012-09-24 05:28:40,
517,2018-08-01,206444,1829.0,1643.0,0.1132075471698113,206444,hive,2012-09-24 05:28:40,
518,2018-09-01,206444,1860.0,1500.0,0.24,206444,hive,2012-09-24 05:28:40,
519,2018-10-01,206444,1209.0,1612.0,-0.25,206444,hive,2012-09-24 05:28:40,
520,2018-11-01,206444,1410.0,1440.0,-0.02083333333333337,206444,hive,2012-09-24 05:28:40,
521,2018-12-01,206444,1457.0,1333.0,0.09302325581395343,206444,hive,2012-09-24 05:28:40,
522,2019-01-01,206444,1953.0,1116.0,0.75,206444,hive,2012-09-24 05:28:40,
523,2019-02-01,206444,1092.0,1428.0,-0.23529411764705888,206444,hive,2012-09-24 05:28:40,
524,2019-03-01,206444,1984.0,1829.0,0.0847457627118644,206444,hive,2012-09-24 05:28:40,
525,2019-04-01,206444,2190.0,1440.0,0.5208333333333333,206444,hive,2012-09-24 05:28:40,
526,2019-05-01,206444,2170.0,1705.0,0.2727272727272727,206444,hive,2012-09-24 05:28:40,
527,2019-06-01,206444,1830.0,1530.0,0.196078431372549,206444,hive,2012-09-24 05:28:40,
528,2019-07-01,206444,2387.0,1984.0,0.203125,206444,hive,2012-09-24 05:28:40,
529,2019-08-01,206444,1767.0,1829.0,-0.03389830508474578,206444,hive,2012-09-24 05:28:40,
530,2019-09-01,206444,2220.0,1860.0,0.19354838709677424,206444,hive,2012-09-24 05:28:40,
531,2019-10-01,206444,1705.0,1209.0,0.41025641025641035,206444,hive,2012-09-24 05:28:40,
532,2019-11-01,206444,1770.0,1410.0,0.25531914893617014,206444,hive,2012-09-24 05:28:40,
533,2019-12-01,206444,2077.0,1457.0,0.42553191489361697,206444,hive,2012-09-24 05:28:40,
534,2020-01-01,206444,1178.0,1953.0,-0.39682539682539686,206444,hive,2012-09-24 05:28:40,
535,2020-02-01,206444,1334.0,1092.0,0.2216117216117217,206444,hive,2012-09-24 05:28:40,
536,2020-03-01,206444,1612.0,1984.0,-0.1875,206444,hive,2012-09-24 05:28:40,
537,2020-04-01,206444,2310.0,2190.0,0.0547945205479452,206444,hive,2012-09-24 05:28:40,
538,2020-05-01,206444,2077.0,2170.0,-0.042857142857142816,206444,hive,2012-09-24 05:28:40,
539,2020-06-01,206444,1620.0,1830.0,-0.11475409836065575,206444,hive,2012-09-24 05:28:40,
540,2020-07-01,206444,1891.0,2387.0,-0.20779220779220775,206444,hive,2012-09-24 05:28:40,
541,2020-08-01,206444,1829.0,1767.0,0.03508771929824572,206444,hive,2012-09-24 05:28:40,
542,2020-09-01,206444,1530.0,2220.0,-0.31081081081081086,206444,hive,2012-09-24 05:28:40,
543,2020-10-01,206444,1612.0,1705.0,-0.054545454545454564,206444,hive,2012-09-24 05:28:40,
544,2020-11-01,206444,1590.0,1770.0,-0.10169491525423724,206444,hive,2012-09-24 05:28:40,
545,2020-12-01,206444,1674.0,2077.0,-0.19402985074626866,206444,hive,2012-09-24 05:28:40,
546,2021-01-01,206444,2201.0,1178.0,0.868421052631579,206444,hive,2012-09-24 05:28:40,
547,2021-02-01,206444,1148.0,1334.0,-0.13943028485757125,206444,hive,2012-09-24 05:28:40,
548,2021-03-01,206444,1767.0,1612.0,0.09615384615384626,206444,hive,2012-09-24 05:28:40,
549,2021-04-01,206444,1500.0,2310.0,-0.35064935064935066,206444,hive,2012-09-24 05:28:40,
550,2021-05-01,206444,1364.0,2077.0,-0.34328358208955223,206444,hive,2012-09-24 05:28:40,
551,2021-06-01,206444,1350.0,1620.0,-0.16666666666666663,206444,hive,2012-09-24 05:28:40,
552,2021-07-01,206444,1736.0,1891.0,-0.08196721311475408,206444,hive,2012-09-24 05:28:40,
553,2021-08-01,206444,1457.0,1829.0,-0.2033898305084746,206444,hive,2012-09-24 05:28:40,
554,2021-09-01,206444,1500.0,1530.0,-0.019607843137254943,206444,hive,2012-09-24 05:28:40,
555,2021-10-01,206444,403.0,1612.0,-0.75,206444,hive,2012-09-24 05:28:40,
556,2021-11-01,206444,1470.0,1590.0,-0.07547169811320753,206444,hive,2012-09-24 05:28:40,
557,2021-12-01,206444,1829.0,1674.0,0.09259259259259256,206444,hive,2012-09-24 05:28:40,
558,2022-01-01,206444,1860.0,2201.0,-0.15492957746478875,206444,hive,2012-09-24 05:28:40,
559,2022-02-01,206444,1316.0,1148.0,0.14634146341463405,206444,hive,2012-09-24 05:28:40,
560,2022-03-01,206444,2015.0,1767.0,0.14035087719298245,206444,hive,2012-09-24 05:28:40,
561,2022-04-01,206444,1800.0,1500.0,0.19999999999999996,206444,hive,2012-09-24 05:28:40,
562,2022-05-01,206444,1271.0,1364.0,-0.06818181818181823,206444,hive,2012-09-24 05:28:40,
563,2022-06-01,206444,1710.0,1350.0,0.2666666666666666,206444,hive,2012-09-24 05:28:40,
564,2022-07-01,206444,1519.0,1736.0,-0.125,206444,hive,2012-09-24 05:28:40,
565,2022-08-01,206444,1395.0,1457.0,-0.04255319148936165,206444,hive,2012-09-24 05:28:40,
566,2022-09-01,206444,1290.0,1500.0,-0.14,206444,hive,2012-09-24 05:28:40,
567,2022-10-01,206444,1581.0,403.0,2.923076923076923,206444,hive,2012-09-24 05:28:40,
568,2022-11-01,206444,1470.0,1470.0,0.0,206444,hive,2012-09-24 05:28:40,
569,2022-12-01,206444,899.0,1829.0,-0.5084745762711864,206444,hive,2012-09-24 05:28:40,
570,2023-01-01,206444,1519.0,1860.0,-0.18333333333333335,206444,hive,2012-09-24 05:28:40,
571,2023-02-01,206444,1512.0,1316.0,0.14893617021276606,206444,hive,2012-09-24 05:28:40,
572,2023-03-01,206444,1674.0,2015.0,-0.16923076923076918,206444,hive,2012-09-24 05:28:40,
573,2022-01-01,33702544,6293.0,8401.0,-0.2509225092250923,33702544,plotly/dash,2015-07-12 07:05:14,
574,2022-02-01,33702544,4732.0,5712.0,-0.17156862745098034,33702544,plotly/dash,2015-07-12 07:05:14,
575,2022-03-01,33702544,5611.0,6169.0,-0.09045226130653261,33702544,plotly/dash,2015-07-12 07:05:14,
576,2022-04-01,33702544,5970.0,6420.0,-0.07009345794392519,33702544,plotly/dash,2015-07-12 07:05:14,
577,2022-05-01,33702544,7781.0,5456.0,0.42613636363636354,33702544,plotly/dash,2015-07-12 07:05:14,
578,2022-06-01,33702544,5490.0,5880.0,-0.06632653061224492,33702544,plotly/dash,2015-07-12 07:05:14,
579,2022-07-01,33702544,10292.0,5084.0,1.024390243902439,33702544,plotly/dash,2015-07-12 07:05:14,
580,2022-08-01,33702544,5456.0,4991.0,0.0931677018633541,33702544,plotly/dash,2015-07-12 07:05:14,
581,2022-09-01,33702544,5880.0,4500.0,0.30666666666666664,33702544,plotly/dash,2015-07-12 07:05:14,
582,2022-10-01,33702544,5053.0,1922.0,1.629032258064516,33702544,plotly/dash,2015-07-12 07:05:14,
583,2022-11-01,33702544,4470.0,5640.0,-0.20744680851063835,33702544,plotly/dash,2015-07-12 07:05:14,
584,2022-12-01,33702544,5053.0,6386.0,-0.20873786407766992,33702544,plotly/dash,2015-07-12 07:05:14,
585,2023-01-01,33702544,4774.0,6293.0,-0.24137931034482762,33702544,plotly/dash,2015-07-12 07:05:14,
586,2023-02-01,33702544,5040.0,4732.0,0.06508875739644981,33702544,plotly/dash,2015-07-12 07:05:14,
587,2023-03-01,33702544,6076.0,5611.0,0.08287292817679548,33702544,plotly/dash,2015-07-12 07:05:14,
